filename,width,height,class,xmin,ymin,xmax,ymax
1.jpg,100,100,face,32,41,71,78
10.jpg,100,100,face,30,45,71,76
100.jpg,100,100,face,27,45,69,77
1000.jpg,100,100,face,32,43,65,79
1001.jpg,100,100,face,34,43,72,76
1002.jpg,100,100,face,29,46,67,77
1003.jpg,100,100,face,31,44,70,77
1004.jpg,100,100,face,31,45,69,77
1005.jpg,100,100,face,29,44,72,76
1006.jpg,100,100,face,30,46,71,78
1007.jpg,100,100,face,33,45,72,78
1009.jpg,100,100,face,31,43,67,78
101.jpg,100,100,face,33,45,68,74
1010.jpg,100,100,face,29,42,74,72
1011.jpg,100,100,face,30,43,66,76
1012.jpg,100,100,face,33,43,71,78
1013.jpg,100,100,face,29,44,73,78
1014.jpg,100,100,face,32,44,70,77
1015.jpg,100,100,face,28,43,72,79
1016.jpg,100,100,face,30,44,73,78
1017.jpg,100,100,face,31,43,67,79
1018.jpg,100,100,face,30,44,74,79
1019.jpg,100,100,face,27,45,73,79
102.jpg,100,100,face,29,43,70,79
1020.jpg,100,100,face,31,43,71,77
1021.jpg,100,100,face,31,45,70,76
1022.jpg,100,100,face,30,44,69,78
1023.jpg,100,100,face,32,43,73,79
1024.jpg,100,100,face,30,43,73,82
1025.jpg,100,100,face,28,43,72,77
1026.jpg,100,100,face,32,44,69,73
1027.jpg,100,100,face,32,45,73,81
1028.jpg,100,100,face,32,45,71,80
1029.jpg,100,100,face,31,43,68,77
103.jpg,100,100,face,33,41,70,77
1030.jpg,100,100,face,28,44,73,77
1031.jpg,100,100,face,30,43,71,76
1032.jpg,100,100,face,31,45,75,78
1033.jpg,100,100,face,32,45,70,75
1034.jpg,100,100,face,31,44,73,76
1035.jpg,100,100,face,34,44,68,80
1036.jpg,100,100,face,31,44,72,80
1037.jpg,100,100,face,31,42,72,77
1038.jpg,100,100,face,33,44,67,75
1039.jpg,100,100,face,28,43,71,78
104.jpg,100,100,face,29,46,72,76
1040.jpg,100,100,face,33,44,70,77
1041.jpg,100,100,face,32,45,72,75
1042.jpg,100,100,face,31,43,67,76
1043.jpg,100,100,face,31,44,70,76
1044.jpg,100,100,face,29,43,65,78
1045.jpg,100,100,face,27,43,74,75
1046.jpg,100,100,face,28,42,73,80
1047.jpg,100,100,face,31,43,71,79
1048.jpg,100,100,face,30,44,72,75
1049.jpg,100,100,face,29,43,71,78
105.jpg,100,100,face,30,45,72,77
1050.jpg,100,100,face,30,43,75,78
1051.jpg,100,100,face,30,43,71,78
1052.jpg,100,100,face,29,44,72,78
1053.jpg,100,100,face,29,43,71,76
1054.jpg,100,100,face,29,42,72,76
1055.jpg,100,100,face,32,43,73,77
1056.jpg,100,100,face,29,45,71,80
1057.jpg,100,100,face,30,43,72,80
1058.jpg,100,100,face,29,43,74,76
1059.jpg,100,100,face,31,44,73,77
106.jpg,100,100,face,32,45,78,79
1060.jpg,100,100,face,28,43,72,76
1061.jpg,100,100,face,27,43,73,77
1062.jpg,100,100,face,29,43,69,74
1063.jpg,100,100,face,30,43,70,74
1064.jpg,100,100,face,27,43,69,79
1065.jpg,100,100,face,27,42,71,76
1066.jpg,100,100,face,33,38,72,82
1067.jpg,100,100,face,31,43,67,75
1068.jpg,100,100,face,36,41,70,84
1069.jpg,100,100,face,32,43,64,78
107.jpg,100,100,face,31,41,76,82
1070.jpg,100,100,face,30,42,75,77
1071.jpg,100,100,face,30,43,71,80
1072.jpg,100,100,face,31,42,73,82
1073.jpg,100,100,face,29,42,72,77
1074.jpg,100,100,face,28,41,74,80
1075.jpg,100,100,face,31,43,68,77
1076.jpg,100,100,face,29,44,72,82
1077.jpg,100,100,face,28,44,73,78
1078.jpg,100,100,face,29,42,72,83
1079.jpg,100,100,face,32,41,75,80
108.jpg,100,100,face,31,44,75,78
1080.jpg,100,100,face,29,45,74,75
1081.jpg,100,100,face,25,42,74,78
1082.jpg,100,100,face,29,43,76,76
1083.jpg,100,100,face,28,43,71,77
1084.jpg,100,100,face,31,41,75,78
1085.jpg,100,100,face,29,45,79,81
1086.jpg,100,100,face,26,42,82,78
1087.jpg,100,100,face,23,42,76,77
1088.jpg,100,100,face,30,45,72,78
1089.jpg,100,100,face,27,44,71,82
109.jpg,100,100,face,30,46,75,75
1090.jpg,100,100,face,28,44,72,80
1091.jpg,100,100,face,24,43,70,77
1092.jpg,100,100,face,24,44,75,77
1093.jpg,100,100,face,28,46,75,81
1094.jpg,100,100,face,25,43,69,76
1095.jpg,100,100,face,25,44,77,77
1096.jpg,100,100,face,25,41,67,75
1097.jpg,100,100,face,23,44,77,80
1098.jpg,100,100,face,34,44,71,78
1099.jpg,100,100,face,27,43,74,78
11.jpg,100,100,face,28,43,68,81
110.jpg,100,100,face,29,45,71,79
1100.jpg,100,100,face,28,45,71,78
1101.jpg,100,100,face,31,43,68,79
1102.jpg,100,100,face,28,45,75,74
1103.jpg,100,100,face,29,44,70,78
1104.jpg,100,100,face,29,44,76,73
1105.jpg,100,100,face,27,44,74,77
1106.jpg,100,100,face,27,43,75,79
1107.jpg,100,100,face,29,43,67,74
1108.jpg,100,100,face,27,45,74,75
1109.jpg,100,100,face,29,42,77,76
111.jpg,100,100,face,31,46,74,79
1110.jpg,100,100,face,26,41,74,79
1111.jpg,100,100,face,35,43,74,81
1112.jpg,100,100,face,27,44,69,75
1113.jpg,100,100,face,26,42,78,81
1114.jpg,100,100,face,31,43,71,78
1115.jpg,100,100,face,27,43,71,74
1116.jpg,100,100,face,30,46,78,79
1117.jpg,100,100,face,27,42,72,78
1118.jpg,100,100,face,30,46,72,80
1119.jpg,100,100,face,27,44,72,75
112.jpg,100,100,face,28,41,70,78
1120.jpg,100,100,face,27,44,71,77
1121.jpg,100,100,face,30,44,70,77
1122.jpg,100,100,face,32,44,68,75
1123.jpg,100,100,face,28,43,72,78
1124.jpg,100,100,face,28,44,76,78
1125.jpg,100,100,face,24,45,73,76
1126.jpg,100,100,face,28,43,75,79
1127.jpg,100,100,face,27,43,76,79
1128.jpg,100,100,face,31,46,70,77
1129.jpg,100,100,face,28,43,70,79
113.jpg,100,100,face,25,44,73,77
1130.jpg,100,100,face,32,46,70,75
1131.jpg,100,100,face,29,44,73,79
1132.jpg,100,100,face,30,40,73,78
1133.jpg,100,100,face,35,44,72,77
1134.jpg,100,100,face,29,42,73,79
1135.jpg,100,100,face,32,44,69,77
1136.jpg,100,100,face,29,45,72,80
1137.jpg,100,100,face,27,42,72,79
1138.jpg,100,100,face,31,44,72,78
1139.jpg,100,100,face,33,46,68,77
114.jpg,100,100,face,25,43,74,80
1140.jpg,100,100,face,29,43,73,77
1141.jpg,100,100,face,31,43,69,79
1142.jpg,100,100,face,33,44,68,78
1143.jpg,100,100,face,29,43,69,79
1144.jpg,100,100,face,32,42,73,83
1145.jpg,100,100,face,30,43,71,84
1146.jpg,100,100,face,31,43,68,78
1147.jpg,100,100,face,30,42,72,79
1148.jpg,100,100,face,26,42,74,78
1149.jpg,100,100,face,28,45,71,76
115.jpg,100,100,face,30,44,71,77
1150.jpg,100,100,face,35,38,71,82
1151.jpg,100,100,face,28,43,70,77
1152.jpg,100,100,face,30,43,74,79
1153.jpg,100,100,face,32,44,70,76
1154.jpg,100,100,face,27,43,74,79
1155.jpg,100,100,face,30,43,73,78
1156.jpg,100,100,face,31,43,67,78
1157.jpg,100,100,face,30,43,68,79
1158.jpg,100,100,face,33,43,65,80
1159.jpg,100,100,face,29,42,72,78
116.jpg,100,100,face,34,44,68,78
1160.jpg,100,100,face,31,44,74,76
1161.jpg,100,100,face,31,42,68,79
1162.jpg,100,100,face,35,44,73,80
1163.jpg,100,100,face,30,43,73,74
1164.jpg,100,100,face,33,42,70,80
1165.jpg,100,100,face,32,42,68,77
1166.jpg,100,100,face,34,43,62,75
1167.jpg,100,100,face,28,43,72,79
1168.jpg,100,100,face,28,43,71,76
1169.jpg,100,100,face,31,44,72,77
117.jpg,100,100,face,29,42,73,82
1170.jpg,100,100,face,34,44,64,82
1171.jpg,100,100,face,28,43,75,81
1172.jpg,100,100,face,31,43,73,76
1173.jpg,100,100,face,31,45,73,77
1174.jpg,100,100,face,33,42,77,81
1175.jpg,100,100,face,28,44,72,83
1176.jpg,100,100,face,31,46,72,82
1177.jpg,100,100,face,32,42,72,83
1178.jpg,100,100,face,31,43,71,79
1179.jpg,100,100,face,30,44,73,82
118.jpg,100,100,face,29,44,72,79
1180.jpg,100,100,face,30,45,73,76
1181.jpg,100,100,face,28,45,72,80
1182.jpg,100,100,face,28,45,74,78
1183.jpg,100,100,face,30,40,70,79
1184.jpg,100,100,face,32,43,72,75
1185.jpg,100,100,face,28,44,75,80
1186.jpg,100,100,face,32,42,74,77
1187.jpg,100,100,face,33,44,73,79
1188.jpg,100,100,face,33,41,67,82
1189.jpg,100,100,face,31,44,69,76
119.jpg,100,100,face,31,44,74,79
1190.jpg,100,100,face,30,44,69,79
1191.jpg,100,100,face,29,45,74,79
1192.jpg,100,100,face,34,47,73,74
1193.jpg,100,100,face,31,47,67,73
1194.jpg,100,100,face,33,44,69,76
1195.jpg,100,100,face,33,43,73,77
1196.jpg,100,100,face,33,43,72,78
1197.jpg,100,100,face,28,41,72,75
1198.jpg,100,100,face,33,44,68,78
1199.jpg,100,100,face,29,42,72,76
12.jpg,100,100,face,33,47,74,79
120.jpg,100,100,face,31,42,72,75
1200.jpg,100,100,face,31,43,77,80
1201.jpg,100,100,face,27,41,73,81
1202.jpg,100,100,face,30,45,76,79
1203.jpg,100,100,face,28,44,72,84
1204.jpg,100,100,face,29,42,72,80
1205.jpg,100,100,face,31,44,72,77
1206.jpg,100,100,face,31,41,68,74
1207.jpg,100,100,face,29,43,68,77
1208.jpg,100,100,face,29,43,71,77
1209.jpg,100,100,face,31,43,69,78
121.jpg,100,100,face,35,45,72,77
1210.jpg,100,100,face,29,45,71,84
1211.jpg,100,100,face,29,42,70,80
1212.jpg,100,100,face,29,44,72,81
1213.jpg,100,100,face,27,43,71,77
1214.jpg,100,100,face,32,43,73,74
1215.jpg,100,100,face,29,44,71,80
1216.jpg,100,100,face,31,43,74,75
1217.jpg,100,100,face,32,42,68,73
1218.jpg,100,100,face,29,40,67,84
1219.jpg,100,100,face,33,43,72,83
122.jpg,100,100,face,29,44,74,80
1220.jpg,100,100,face,33,43,74,77
1221.jpg,100,100,face,32,42,70,85
1222.jpg,100,100,face,34,46,68,75
1223.jpg,100,100,face,32,41,73,78
1224.jpg,100,100,face,27,45,71,78
1225.jpg,100,100,face,26,43,76,73
1226.jpg,100,100,face,25,45,70,76
1227.jpg,100,100,face,29,46,72,76
1228.jpg,100,100,face,32,43,69,77
1229.jpg,100,100,face,28,44,72,80
123.jpg,100,100,face,22,43,71,76
1230.jpg,100,100,face,30,44,69,79
1231.jpg,100,100,face,36,45,69,79
1232.jpg,100,100,face,31,46,75,81
1233.jpg,100,100,face,29,43,75,75
1234.jpg,100,100,face,26,40,73,73
1235.jpg,100,100,face,28,45,69,75
1236.jpg,100,100,face,30,45,70,76
1237.jpg,100,100,face,27,45,76,75
1238.jpg,100,100,face,28,44,70,78
1239.jpg,100,100,face,30,45,72,74
124.jpg,100,100,face,30,44,72,79
1240.jpg,100,100,face,33,47,73,77
1241.jpg,100,100,face,29,41,73,81
1242.jpg,100,100,face,28,42,76,78
1243.jpg,100,100,face,31,43,69,77
1244.jpg,100,100,face,30,41,65,74
1245.jpg,100,100,face,31,44,71,76
1246.jpg,100,100,face,31,44,73,77
1247.jpg,100,100,face,28,43,70,77
1248.jpg,100,100,face,29,41,70,73
1249.jpg,100,100,face,25,42,69,73
125.jpg,100,100,face,35,46,72,79
1250.jpg,100,100,face,30,44,76,80
1251.jpg,100,100,face,30,42,74,78
1252.jpg,100,100,face,30,42,71,78
1253.jpg,100,100,face,32,43,72,76
1254.jpg,100,100,face,28,39,70,73
1255.jpg,100,100,face,31,44,71,80
1256.jpg,100,100,face,28,41,74,84
1257.jpg,100,100,face,28,42,67,78
1258.jpg,100,100,face,30,43,67,77
1259.jpg,100,100,face,27,43,74,81
126.jpg,100,100,face,30,41,71,79
1260.jpg,100,100,face,27,43,72,79
1261.jpg,100,100,face,31,44,72,84
1262.jpg,100,100,face,31,44,66,78
1263.jpg,100,100,face,31,45,70,77
1264.jpg,100,100,face,29,43,77,80
1265.jpg,100,100,face,30,42,76,82
1266.jpg,100,100,face,29,43,76,85
1267.jpg,100,100,face,25,47,81,79
1268.jpg,100,100,face,34,45,73,82
1269.jpg,100,100,face,33,45,76,81
127.jpg,100,100,face,28,42,68,76
1270.jpg,100,100,face,29,45,66,80
1271.jpg,100,100,face,29,45,70,74
1272.jpg,100,100,face,27,43,67,77
1273.jpg,100,100,face,36,44,68,78
1274.jpg,100,100,face,33,40,68,79
1275.jpg,100,100,face,27,41,63,77
1276.jpg,100,100,face,35,45,70,76
1277.jpg,100,100,face,34,41,65,87
1278.jpg,100,100,face,32,42,74,78
1279.jpg,100,100,face,31,43,69,78
128.jpg,100,100,face,32,44,72,76
1280.jpg,100,100,face,33,45,66,79
1281.jpg,100,100,face,28,42,64,78
1282.jpg,100,100,face,30,44,67,80
1283.jpg,100,100,face,30,40,71,81
1284.jpg,100,100,face,30,44,76,80
1285.jpg,100,100,face,30,44,72,79
1286.jpg,100,100,face,27,40,76,78
1287.jpg,100,100,face,29,43,71,86
1288.jpg,100,100,face,31,43,67,75
1289.jpg,100,100,face,30,42,69,77
129.jpg,100,100,face,30,43,77,74
1290.jpg,100,100,face,33,44,68,77
1291.jpg,100,100,face,27,44,76,80
1292.jpg,100,100,face,26,43,79,79
1293.jpg,100,100,face,27,43,76,76
1294.jpg,100,100,face,25,42,78,78
1295.jpg,100,100,face,27,41,79,79
1296.jpg,100,100,face,26,43,77,86
1297.jpg,100,100,face,23,37,73,81
1298.jpg,100,100,face,28,42,79,81
1299.jpg,100,100,face,24,43,75,78
13.jpg,100,100,face,27,44,73,78
130.jpg,100,100,face,28,46,75,74
1300.jpg,100,100,face,30,45,71,74
1301.jpg,100,100,face,29,41,75,76
1302.jpg,100,100,face,30,44,75,75
1303.jpg,100,100,face,26,44,76,80
1304.jpg,100,100,face,27,44,73,80
1305.jpg,100,100,face,29,44,74,78
1306.jpg,100,100,face,31,45,76,81
1307.jpg,100,100,face,33,44,75,77
1308.jpg,100,100,face,31,43,72,84
1309.jpg,100,100,face,26,42,73,84
131.jpg,100,100,face,30,42,73,84
1310.jpg,100,100,face,35,41,77,85
1311.jpg,100,100,face,31,43,67,78
1312.jpg,100,100,face,33,44,74,80
1313.jpg,100,100,face,31,43,78,81
1314.jpg,100,100,face,29,43,76,84
1315.jpg,100,100,face,26,38,75,78
1316.jpg,100,100,face,29,44,70,83
1317.jpg,100,100,face,32,45,70,78
1318.jpg,100,100,face,33,41,68,78
1319.jpg,100,100,face,30,45,76,77
132.jpg,100,100,face,28,45,72,82
1320.jpg,100,100,face,32,42,74,82
1321.jpg,100,100,face,31,44,73,80
1322.jpg,100,100,face,27,45,80,80
1323.jpg,100,100,face,30,43,69,81
1324.jpg,100,100,face,30,43,74,80
1325.jpg,100,100,face,30,44,73,77
1326.jpg,100,100,face,29,42,70,83
1327.jpg,100,100,face,29,46,69,82
1328.jpg,100,100,face,29,42,70,80
1329.jpg,100,100,face,34,44,71,85
133.jpg,100,100,face,31,44,68,83
1330.jpg,100,100,face,28,40,74,82
1331.jpg,100,100,face,29,42,75,79
1332.jpg,100,100,face,30,43,71,80
1333.jpg,100,100,face,26,42,78,80
1334.jpg,100,100,face,29,43,70,77
1335.jpg,100,100,face,29,43,74,79
1336.jpg,100,100,face,33,44,68,75
1337.jpg,100,100,face,28,43,74,79
1338.jpg,100,100,face,27,44,70,80
1339.jpg,100,100,face,34,46,74,86
134.jpg,100,100,face,35,43,75,81
1340.jpg,100,100,face,33,43,73,80
1341.jpg,100,100,face,32,42,75,81
1342.jpg,100,100,face,30,44,72,78
1343.jpg,100,100,face,28,42,70,80
1344.jpg,100,100,face,29,44,71,76
1345.jpg,100,100,face,33,42,69,76
1346.jpg,100,100,face,29,46,69,80
1347.jpg,100,100,face,32,41,70,77
1348.jpg,100,100,face,27,42,74,76
1349.jpg,100,100,face,28,41,68,76
135.jpg,100,100,face,32,43,72,75
1350.jpg,100,100,face,33,43,69,81
1351.jpg,100,100,face,31,45,70,75
1352.jpg,100,100,face,32,41,64,83
1353.jpg,100,100,face,30,41,70,76
1354.jpg,100,100,face,30,44,69,78
1355.jpg,100,100,face,33,47,69,78
1356.jpg,100,100,face,29,41,72,80
1357.jpg,100,100,face,34,44,71,80
1358.jpg,100,100,face,31,43,73,80
1359.jpg,100,100,face,33,45,68,75
136.jpg,100,100,face,34,47,70,78
1360.jpg,100,100,face,31,43,68,79
1361.jpg,100,100,face,36,43,67,80
1362.jpg,100,100,face,32,43,72,78
1363.jpg,100,100,face,27,46,77,79
1364.jpg,100,100,face,33,43,74,80
1365.jpg,100,100,face,33,44,65,78
1366.jpg,100,100,face,31,43,71,77
1367.jpg,100,100,face,29,43,70,75
1368.jpg,100,100,face,26,44,68,76
1369.jpg,100,100,face,31,42,71,77
137.jpg,100,100,face,33,42,68,76
1370.jpg,100,100,face,32,44,69,78
1371.jpg,100,100,face,33,45,72,78
1372.jpg,100,100,face,24,43,80,78
1373.jpg,100,100,face,28,44,70,74
1374.jpg,100,100,face,33,44,68,77
1375.jpg,100,100,face,31,42,68,80
1376.jpg,100,100,face,30,43,71,78
1377.jpg,100,100,face,29,44,70,75
1378.jpg,100,100,face,30,41,69,79
1379.jpg,100,100,face,35,45,68,76
138.jpg,100,100,face,32,42,71,79
1380.jpg,100,100,face,33,43,70,83
1381.jpg,100,100,face,32,43,66,75
1382.jpg,100,100,face,31,44,67,74
1383.jpg,100,100,face,33,44,70,77
1384.jpg,100,100,face,32,42,70,79
1385.jpg,100,100,face,27,41,74,81
1386.jpg,100,100,face,31,43,69,79
1387.jpg,100,100,face,32,42,74,82
1388.jpg,100,100,face,31,40,74,81
1389.jpg,100,100,face,29,42,70,74
139.jpg,100,100,face,33,43,69,78
1390.jpg,100,100,face,31,43,72,78
1391.jpg,100,100,face,31,42,67,78
1392.jpg,100,100,face,32,42,69,78
1393.jpg,100,100,face,30,41,75,78
1394.jpg,100,100,face,28,42,74,78
1395.jpg,100,100,face,31,43,69,76
1396.jpg,100,100,face,29,43,72,82
1397.jpg,100,100,face,32,46,72,76
1398.jpg,100,100,face,30,43,73,79
1399.jpg,100,100,face,30,42,72,77
14.jpg,100,100,face,32,42,71,82
140.jpg,100,100,face,33,41,70,79
1400.jpg,100,100,face,37,41,71,79
1401.jpg,100,100,face,33,42,69,78
1402.jpg,100,100,face,31,42,71,77
1403.jpg,100,100,face,27,41,70,75
1404.jpg,100,100,face,31,41,70,73
1405.jpg,100,100,face,27,44,72,76
1406.jpg,100,100,face,27,43,71,78
1407.jpg,100,100,face,29,42,74,78
1408.jpg,100,100,face,31,42,70,74
1409.jpg,100,100,face,29,43,70,79
141.jpg,100,100,face,28,44,72,78
1410.jpg,100,100,face,28,43,75,79
1411.jpg,100,100,face,33,46,70,77
1412.jpg,100,100,face,28,44,76,77
1413.jpg,100,100,face,36,42,71,79
1414.jpg,100,100,face,34,44,72,77
1415.jpg,100,100,face,29,42,71,78
1416.jpg,100,100,face,31,43,70,76
1417.jpg,100,100,face,32,45,74,76
1418.jpg,100,100,face,26,42,74,84
1419.jpg,100,100,face,31,45,74,82
142.jpg,100,100,face,34,43,65,84
1420.jpg,100,100,face,29,43,72,79
1421.jpg,100,100,face,33,46,71,82
1422.jpg,100,100,face,31,42,72,82
1423.jpg,100,100,face,31,41,69,83
1424.jpg,100,100,face,32,41,72,85
1425.jpg,100,100,face,30,42,76,83
1426.jpg,100,100,face,32,42,72,78
1427.jpg,100,100,face,30,41,67,79
1428.jpg,100,100,face,33,40,72,81
1429.jpg,100,100,face,24,40,72,84
143.jpg,100,100,face,31,45,72,78
1430.jpg,100,100,face,30,42,82,79
1431.jpg,100,100,face,34,41,67,78
1432.jpg,100,100,face,31,41,71,79
1433.jpg,100,100,face,31,41,68,78
1434.jpg,100,100,face,32,43,75,80
1435.jpg,100,100,face,34,40,71,78
1436.jpg,100,100,face,34,43,67,82
1437.jpg,100,100,face,32,45,71,80
1438.jpg,100,100,face,33,42,67,77
1439.jpg,100,100,face,31,43,74,78
144.jpg,100,100,face,27,42,75,79
1440.jpg,100,100,face,30,43,71,77
1441.jpg,100,100,face,27,42,74,77
1442.jpg,100,100,face,30,42,66,75
1443.jpg,100,100,face,32,43,66,76
1444.jpg,100,100,face,28,42,70,81
1445.jpg,100,100,face,29,41,73,78
1446.jpg,100,100,face,29,42,70,74
1447.jpg,100,100,face,29,41,71,76
1448.jpg,100,100,face,33,43,64,82
1449.jpg,100,100,face,31,41,70,74
145.jpg,100,100,face,31,43,70,79
1450.jpg,100,100,face,29,42,73,80
1451.jpg,100,100,face,28,43,75,77
1452.jpg,100,100,face,30,45,72,79
1453.jpg,100,100,face,25,41,73,81
1454.jpg,100,100,face,32,44,72,79
1455.jpg,100,100,face,27,41,74,79
1456.jpg,100,100,face,29,41,69,80
1457.jpg,100,100,face,30,42,71,84
1458.jpg,100,100,face,31,38,69,83
1459.jpg,100,100,face,31,41,75,79
146.jpg,100,100,face,26,39,76,79
1460.jpg,100,100,face,30,41,72,77
1461.jpg,100,100,face,29,40,73,80
1462.jpg,100,100,face,26,39,76,87
1463.jpg,100,100,face,29,40,70,78
1464.jpg,100,100,face,29,44,69,82
1465.jpg,100,100,face,27,43,77,76
1466.jpg,100,100,face,29,41,75,81
1467.jpg,100,100,face,29,44,75,79
1468.jpg,100,100,face,28,42,71,82
1469.jpg,100,100,face,28,43,70,81
147.jpg,100,100,face,30,43,67,79
1470.jpg,100,100,face,30,43,71,81
1471.jpg,100,100,face,32,44,67,75
1472.jpg,100,100,face,33,42,72,78
1473.jpg,100,100,face,28,44,71,84
1474.jpg,100,100,face,27,42,71,81
1475.jpg,100,100,face,30,45,66,81
1476.jpg,100,100,face,33,39,69,86
1477.jpg,100,100,face,31,44,67,81
1478.jpg,100,100,face,31,44,74,79
1479.jpg,100,100,face,30,41,72,79
148.jpg,100,100,face,27,42,75,77
1480.jpg,100,100,face,31,45,72,78
1481.jpg,100,100,face,28,44,68,81
1482.jpg,100,100,face,28,42,75,86
1483.jpg,100,100,face,28,44,72,79
1484.jpg,100,100,face,32,41,65,80
1485.jpg,100,100,face,29,43,69,77
1486.jpg,100,100,face,26,44,75,80
1487.jpg,100,100,face,31,44,75,78
1488.jpg,100,100,face,28,43,71,79
1489.jpg,100,100,face,28,45,74,80
149.jpg,100,100,face,28,44,70,77
1490.jpg,100,100,face,31,45,73,79
1491.jpg,100,100,face,31,43,70,82
1492.jpg,100,100,face,33,44,69,83
1493.jpg,100,100,face,31,41,74,84
1494.jpg,100,100,face,29,44,71,79
1495.jpg,100,100,face,30,43,70,80
1496.jpg,100,100,face,30,41,68,79
1497.jpg,100,100,face,32,43,70,81
1498.jpg,100,100,face,34,42,71,78
1499.jpg,100,100,face,29,42,69,83
15.jpg,100,100,face,30,43,75,79
150.jpg,100,100,face,30,42,73,87
1500.jpg,100,100,face,30,41,69,80
1501.jpg,100,100,face,29,42,73,78
1502.jpg,100,100,face,25,43,77,78
1503.jpg,100,100,face,29,44,71,80
1504.jpg,100,100,face,26,43,75,80
1505.jpg,100,100,face,30,42,73,82
1506.jpg,100,100,face,31,42,69,79
1507.jpg,100,100,face,28,43,71,77
1508.jpg,100,100,face,26,45,72,79
1509.jpg,100,100,face,29,42,68,76
151.jpg,100,100,face,31,45,69,75
1510.jpg,100,100,face,28,44,79,83
1511.jpg,100,100,face,30,44,72,80
1512.jpg,100,100,face,29,42,63,80
1513.jpg,100,100,face,30,45,69,79
1514.jpg,100,100,face,32,42,66,79
1515.jpg,100,100,face,32,44,71,78
1516.jpg,100,100,face,26,40,74,82
1517.jpg,100,100,face,29,44,74,79
1518.jpg,100,100,face,29,43,76,82
1519.jpg,100,100,face,33,45,70,82
152.jpg,100,100,face,27,44,76,83
1520.jpg,100,100,face,30,40,73,82
1521.jpg,100,100,face,32,46,71,82
1522.jpg,100,100,face,31,43,71,79
1523.jpg,100,100,face,29,40,70,80
1524.jpg,100,100,face,30,43,74,82
1525.jpg,100,100,face,32,44,68,81
1526.jpg,100,100,face,33,41,74,80
1527.jpg,100,100,face,32,42,74,76
1528.jpg,100,100,face,28,45,71,81
1529.jpg,100,100,face,34,43,69,83
153.jpg,100,100,face,32,46,70,78
1530.jpg,100,100,face,29,45,78,79
1531.jpg,100,100,face,28,44,73,76
1532.jpg,100,100,face,29,46,74,79
1533.jpg,100,100,face,24,43,77,78
1534.jpg,100,100,face,30,43,75,81
1535.jpg,100,100,face,28,44,72,83
1536.jpg,100,100,face,32,45,81,84
1537.jpg,100,100,face,32,42,72,80
1538.jpg,100,100,face,27,43,67,81
1539.jpg,100,100,face,27,44,75,85
154.jpg,100,100,face,29,44,73,83
1540.jpg,100,100,face,31,45,76,80
1541.jpg,100,100,face,30,42,72,78
1542.jpg,100,100,face,28,44,70,78
1543.jpg,100,100,face,33,43,62,74
1544.jpg,100,100,face,29,44,75,82
1545.jpg,100,100,face,24,42,67,82
1546.jpg,100,100,face,30,44,71,81
1547.jpg,100,100,face,32,44,66,80
1548.jpg,100,100,face,36,45,65,77
1549.jpg,100,100,face,24,42,77,83
155.jpg,100,100,face,30,44,74,81
1550.jpg,100,100,face,28,45,69,79
1551.jpg,100,100,face,32,42,74,78
1552.jpg,100,100,face,33,43,72,74
1553.jpg,100,100,face,34,44,74,83
1554.jpg,100,100,face,31,43,70,80
1555.jpg,100,100,face,32,44,76,79
1556.jpg,100,100,face,30,43,70,80
1557.jpg,100,100,face,32,42,69,76
1558.jpg,100,100,face,30,43,71,77
1559.jpg,100,100,face,27,43,73,79
156.jpg,100,100,face,29,45,69,75
1560.jpg,100,100,face,31,45,73,79
1561.jpg,100,100,face,33,43,70,77
1562.jpg,100,100,face,34,44,67,78
1563.jpg,100,100,face,30,42,68,79
1564.jpg,100,100,face,29,44,72,77
1565.jpg,100,100,face,30,44,70,79
1566.jpg,100,100,face,33,46,72,81
1567.jpg,100,100,face,30,45,71,83
1568.jpg,100,100,face,32,45,67,76
1569.jpg,100,100,face,30,44,77,79
157.jpg,100,100,face,33,45,70,77
1570.jpg,100,100,face,32,44,71,81
1571.jpg,100,100,face,29,45,72,77
1572.jpg,100,100,face,29,44,71,76
1573.jpg,100,100,face,30,45,72,75
1574.jpg,100,100,face,25,43,70,79
1575.jpg,100,100,face,27,44,73,80
1576.jpg,100,100,face,31,44,71,77
1577.jpg,100,100,face,31,42,77,81
1578.jpg,100,100,face,29,43,74,79
1579.jpg,100,100,face,29,43,71,76
158.jpg,100,100,face,31,42,78,82
1580.jpg,100,100,face,31,44,67,79
1581.jpg,100,100,face,30,43,72,81
1582.jpg,100,100,face,35,46,73,78
1583.jpg,100,100,face,35,42,78,78
1584.jpg,100,100,face,34,45,71,77
1585.jpg,100,100,face,33,44,73,81
1586.jpg,100,100,face,31,46,72,83
1587.jpg,100,100,face,33,44,67,79
1588.jpg,100,100,face,28,42,69,81
1589.jpg,100,100,face,30,45,72,79
159.jpg,100,100,face,26,42,71,83
1590.jpg,100,100,face,28,41,66,79
1591.jpg,100,100,face,31,43,65,75
1592.jpg,100,100,face,31,42,71,79
1593.jpg,100,100,face,33,41,69,81
1594.jpg,100,100,face,31,42,68,75
1595.jpg,100,100,face,30,43,71,79
1596.jpg,100,100,face,31,40,66,81
1597.jpg,100,100,face,30,42,73,80
1598.jpg,100,100,face,30,40,67,74
1599.jpg,100,100,face,30,44,63,79
16.jpg,100,100,face,31,42,69,75
160.jpg,100,100,face,33,44,71,76
1600.jpg,100,100,face,31,42,73,76
1601.jpg,100,100,face,29,44,75,77
1602.jpg,100,100,face,28,40,75,76
1603.jpg,100,100,face,30,44,73,76
1604.jpg,100,100,face,29,44,70,74
1605.jpg,100,100,face,30,42,74,77
1606.jpg,100,100,face,31,40,74,78
1607.jpg,100,100,face,35,41,68,75
1608.jpg,100,100,face,30,39,74,81
1609.jpg,100,100,face,31,44,72,83
161.jpg,100,100,face,32,43,69,77
1610.jpg,100,100,face,32,46,75,80
1611.jpg,100,100,face,30,44,71,77
1612.jpg,100,100,face,29,43,77,84
1613.jpg,100,100,face,29,41,68,76
1614.jpg,100,100,face,30,44,71,73
1615.jpg,100,100,face,27,41,74,72
1616.jpg,100,100,face,29,44,76,76
1617.jpg,100,100,face,32,44,83,80
1618.jpg,100,100,face,26,45,72,84
1619.jpg,100,100,face,30,43,75,84
162.jpg,100,100,face,27,41,74,84
1620.jpg,100,100,face,28,45,76,77
1621.jpg,100,100,face,31,44,73,77
1622.jpg,100,100,face,31,44,70,77
1623.jpg,100,100,face,30,42,78,79
1624.jpg,100,100,face,26,44,64,82
1625.jpg,100,100,face,29,42,70,80
1626.jpg,100,100,face,31,44,71,80
1627.jpg,100,100,face,30,44,67,78
1628.jpg,100,100,face,33,45,73,83
1629.jpg,100,100,face,32,44,71,81
163.jpg,100,100,face,32,43,71,75
1630.jpg,100,100,face,33,45,75,74
1631.jpg,100,100,face,21,41,81,76
1632.jpg,100,100,face,35,44,70,77
1633.jpg,100,100,face,32,44,74,82
1634.jpg,100,100,face,30,42,69,77
1635.jpg,100,100,face,27,40,76,82
1636.jpg,100,100,face,27,41,73,79
1637.jpg,100,100,face,29,40,75,81
1638.jpg,100,100,face,28,42,67,82
1639.jpg,100,100,face,32,42,70,76
164.jpg,100,100,face,30,41,72,81
1640.jpg,100,100,face,26,39,77,80
1641.jpg,100,100,face,29,42,75,79
1642.jpg,100,100,face,27,41,74,80
1643.jpg,100,100,face,29,40,77,80
1644.jpg,100,100,face,31,43,74,73
1645.jpg,100,100,face,31,44,71,73
1646.jpg,100,100,face,36,42,68,79
1647.jpg,100,100,face,26,40,77,79
1648.jpg,100,100,face,35,43,68,77
1649.jpg,100,100,face,32,45,70,86
165.jpg,100,100,face,26,42,74,79
1650.jpg,100,100,face,32,41,73,77
1651.jpg,100,100,face,31,44,71,75
1652.jpg,100,100,face,32,45,71,80
1653.jpg,100,100,face,29,44,77,79
1654.jpg,100,100,face,30,43,64,80
1655.jpg,100,100,face,29,43,69,78
1656.jpg,100,100,face,33,45,71,79
1657.jpg,100,100,face,28,40,70,78
1658.jpg,100,100,face,28,44,71,78
1659.jpg,100,100,face,31,43,71,78
166.jpg,100,100,face,32,43,62,73
1660.jpg,100,100,face,29,43,70,76
1661.jpg,100,100,face,32,44,70,80
1662.jpg,100,100,face,28,44,71,75
1663.jpg,100,100,face,29,44,66,74
1664.jpg,100,100,face,26,41,72,79
1665.jpg,100,100,face,35,47,69,77
1666.jpg,100,100,face,30,41,75,80
1667.jpg,100,100,face,32,45,71,80
1668.jpg,100,100,face,35,41,74,83
1669.jpg,100,100,face,33,41,70,76
167.jpg,100,100,face,33,42,68,76
1670.jpg,100,100,face,32,43,69,79
1671.jpg,100,100,face,29,41,71,76
1672.jpg,100,100,face,31,44,70,81
1673.jpg,100,100,face,32,43,72,78
1674.jpg,100,100,face,36,44,68,82
1675.jpg,100,100,face,28,46,71,83
1676.jpg,100,100,face,32,43,64,78
1677.jpg,100,100,face,29,43,74,83
1678.jpg,100,100,face,31,43,69,79
1679.jpg,100,100,face,31,45,66,81
168.jpg,100,100,face,30,42,70,79
1680.jpg,100,100,face,30,42,70,77
1681.jpg,100,100,face,27,43,69,78
1682.jpg,100,100,face,31,43,71,78
1683.jpg,100,100,face,30,41,74,79
1684.jpg,100,100,face,33,43,75,79
1685.jpg,100,100,face,24,43,74,81
1686.jpg,100,100,face,28,42,75,78
1687.jpg,100,100,face,30,42,75,78
1688.jpg,100,100,face,32,42,75,82
1689.jpg,100,100,face,29,42,65,76
169.jpg,100,100,face,33,41,76,85
1690.jpg,100,100,face,36,43,74,79
1691.jpg,100,100,face,32,40,75,82
1692.jpg,100,100,face,31,43,69,77
1693.jpg,100,100,face,28,43,70,82
1694.jpg,100,100,face,27,44,74,81
1695.jpg,100,100,face,28,43,74,79
1696.jpg,100,100,face,34,43,77,83
1697.jpg,100,100,face,30,43,71,78
1698.jpg,100,100,face,29,44,76,80
1699.jpg,100,100,face,29,46,77,80
17.jpg,100,100,face,29,45,72,78
170.jpg,100,100,face,27,43,73,77
1700.jpg,100,100,face,31,44,70,78
1701.jpg,100,100,face,28,44,75,80
1702.jpg,100,100,face,35,43,75,80
1703.jpg,100,100,face,32,41,70,76
1704.jpg,100,100,face,32,44,73,80
1705.jpg,100,100,face,29,43,68,75
1706.jpg,100,100,face,30,44,69,76
1707.jpg,100,100,face,30,42,71,82
1708.jpg,100,100,face,30,40,70,83
1709.jpg,100,100,face,34,41,70,74
171.jpg,100,100,face,33,41,72,79
1710.jpg,100,100,face,33,42,71,79
1711.jpg,100,100,face,25,41,75,79
1712.jpg,100,100,face,27,43,77,84
1713.jpg,100,100,face,33,44,69,78
1714.jpg,100,100,face,34,41,72,87
1715.jpg,100,100,face,29,41,75,78
1716.jpg,100,100,face,37,41,74,79
1717.jpg,100,100,face,31,42,74,81
1718.jpg,100,100,face,31,43,75,78
1719.jpg,100,100,face,28,41,74,80
172.jpg,100,100,face,31,45,76,79
1720.jpg,100,100,face,30,42,68,79
1721.jpg,100,100,face,27,42,70,80
1722.jpg,100,100,face,29,45,75,78
1723.jpg,100,100,face,31,43,71,75
1724.jpg,100,100,face,33,45,66,80
1725.jpg,100,100,face,29,43,72,79
1726.jpg,100,100,face,32,43,72,77
1727.jpg,100,100,face,24,45,77,77
1728.jpg,100,100,face,33,42,71,76
1729.jpg,100,100,face,32,42,71,78
173.jpg,100,100,face,33,44,75,77
1730.jpg,100,100,face,31,45,72,77
1731.jpg,100,100,face,28,45,77,78
1732.jpg,100,100,face,31,45,74,80
1733.jpg,100,100,face,30,42,77,83
1734.jpg,100,100,face,30,42,73,81
1735.jpg,100,100,face,32,43,70,81
1736.jpg,100,100,face,29,45,68,75
1737.jpg,100,100,face,27,42,67,79
1738.jpg,100,100,face,34,44,72,81
1739.jpg,100,100,face,30,43,73,81
174.jpg,100,100,face,32,44,78,83
1740.jpg,100,100,face,31,45,72,80
1741.jpg,100,100,face,31,41,72,80
1742.jpg,100,100,face,36,45,72,79
1743.jpg,100,100,face,32,44,74,78
1744.jpg,100,100,face,29,45,80,80
1745.jpg,100,100,face,30,44,73,77
1746.jpg,100,100,face,28,44,77,80
1747.jpg,100,100,face,31,45,72,72
1748.jpg,100,100,face,28,42,75,81
1749.jpg,100,100,face,32,44,69,84
175.jpg,100,100,face,29,38,67,81
1750.jpg,100,100,face,27,39,80,82
1751.jpg,100,100,face,33,42,76,79
1752.jpg,100,100,face,28,43,76,83
1753.jpg,100,100,face,34,44,72,79
1754.jpg,100,100,face,29,43,69,84
1755.jpg,100,100,face,32,42,67,80
1756.jpg,100,100,face,29,44,79,76
1757.jpg,100,100,face,28,42,73,75
1758.jpg,100,100,face,24,42,77,82
1759.jpg,100,100,face,31,44,76,82
176.jpg,100,100,face,31,41,74,82
1760.jpg,100,100,face,32,40,69,77
1761.jpg,100,100,face,32,42,70,81
1762.jpg,100,100,face,34,42,69,78
1763.jpg,100,100,face,32,43,72,79
1764.jpg,100,100,face,29,42,71,76
1765.jpg,100,100,face,31,43,73,75
1766.jpg,100,100,face,29,44,73,78
1767.jpg,100,100,face,27,44,72,78
1768.jpg,100,100,face,27,43,71,79
1769.jpg,100,100,face,26,43,74,83
177.jpg,100,100,face,30,44,76,81
1770.jpg,100,100,face,29,43,74,79
1771.jpg,100,100,face,28,43,71,79
1772.jpg,100,100,face,32,43,70,80
1773.jpg,100,100,face,29,45,71,76
1774.jpg,100,100,face,26,43,70,80
1775.jpg,100,100,face,27,44,74,75
1776.jpg,100,100,face,28,45,74,78
1777.jpg,100,100,face,33,43,68,78
1778.jpg,100,100,face,27,44,73,78
1779.jpg,100,100,face,29,45,76,75
178.jpg,100,100,face,25,42,77,80
1780.jpg,100,100,face,28,43,77,76
1781.jpg,100,100,face,24,43,75,80
1782.jpg,100,100,face,34,43,72,78
1783.jpg,100,100,face,29,43,72,78
1784.jpg,100,100,face,29,42,71,77
1785.jpg,100,100,face,29,45,76,79
1786.jpg,100,100,face,28,41,72,80
1787.jpg,100,100,face,27,44,73,79
1788.jpg,100,100,face,25,45,76,80
1789.jpg,100,100,face,28,44,74,77
179.jpg,100,100,face,28,45,73,80
1790.jpg,100,100,face,31,44,75,78
1791.jpg,100,100,face,29,46,74,80
1792.jpg,100,100,face,26,43,74,76
1793.jpg,100,100,face,30,43,74,79
1794.jpg,100,100,face,31,46,75,75
1795.jpg,100,100,face,26,44,74,81
1796.jpg,100,100,face,33,43,74,80
1797.jpg,100,100,face,31,45,81,83
1798.jpg,100,100,face,33,42,71,79
1799.jpg,100,100,face,27,43,75,79
18.jpg,100,100,face,27,43,72,75
180.jpg,100,100,face,36,43,73,79
1800.jpg,100,100,face,27,41,72,81
1801.jpg,100,100,face,31,42,84,76
1802.jpg,100,100,face,28,44,70,79
1803.jpg,100,100,face,29,43,70,80
1804.jpg,100,100,face,32,39,72,81
1805.jpg,100,100,face,31,43,76,80
1806.jpg,100,100,face,27,41,66,77
1807.jpg,100,100,face,32,44,72,81
1808.jpg,100,100,face,33,42,72,82
1809.jpg,100,100,face,30,42,65,81
181.jpg,100,100,face,27,43,75,80
1810.jpg,100,100,face,30,42,72,79
1811.jpg,100,100,face,29,43,74,78
1812.jpg,100,100,face,32,44,71,82
1813.jpg,100,100,face,30,42,72,77
1814.jpg,100,100,face,30,41,76,76
1815.jpg,100,100,face,26,40,73,76
1816.jpg,100,100,face,31,43,69,80
1817.jpg,100,100,face,30,44,70,76
1818.jpg,100,100,face,35,44,72,77
1819.jpg,100,100,face,29,40,77,83
182.jpg,100,100,face,30,44,68,76
1820.jpg,100,100,face,31,46,70,75
1821.jpg,100,100,face,28,44,72,77
1822.jpg,100,100,face,27,46,68,76
1823.jpg,100,100,face,36,42,74,82
1824.jpg,100,100,face,30,42,74,79
1825.jpg,100,100,face,27,42,74,80
1826.jpg,100,100,face,32,40,66,84
1827.jpg,100,100,face,26,44,70,78
1828.jpg,100,100,face,31,44,70,79
1829.jpg,100,100,face,30,40,77,82
183.jpg,100,100,face,30,43,71,80
1830.jpg,100,100,face,33,41,72,79
1831.jpg,100,100,face,32,43,71,76
1832.jpg,100,100,face,32,42,71,79
1833.jpg,100,100,face,33,44,74,76
1834.jpg,100,100,face,32,43,72,81
1835.jpg,100,100,face,26,41,74,81
1836.jpg,100,100,face,31,42,74,81
1837.jpg,100,100,face,31,43,73,77
1838.jpg,100,100,face,30,43,70,76
1839.jpg,100,100,face,26,42,69,76
184.jpg,100,100,face,27,41,74,77
1840.jpg,100,100,face,28,41,76,77
1841.jpg,100,100,face,26,43,72,78
1842.jpg,100,100,face,30,40,70,78
1843.jpg,100,100,face,27,44,82,79
1844.jpg,100,100,face,29,43,74,78
1845.jpg,100,100,face,33,46,78,80
1846.jpg,100,100,face,24,42,81,81
1847.jpg,100,100,face,32,43,71,76
1848.jpg,100,100,face,31,43,76,83
1849.jpg,100,100,face,32,41,68,79
185.jpg,100,100,face,28,43,75,80
1850.jpg,100,100,face,26,43,76,78
1851.jpg,100,100,face,29,42,73,79
1852.jpg,100,100,face,32,44,72,81
1853.jpg,100,100,face,26,44,74,79
1854.jpg,100,100,face,23,42,69,76
1855.jpg,100,100,face,29,43,71,80
1856.jpg,100,100,face,27,45,79,79
1857.jpg,100,100,face,28,44,75,76
1858.jpg,100,100,face,28,43,74,78
1859.jpg,100,100,face,30,44,72,81
186.jpg,100,100,face,29,43,74,84
1860.jpg,100,100,face,28,40,75,81
1861.jpg,100,100,face,27,41,77,82
1862.jpg,100,100,face,31,38,71,83
1863.jpg,100,100,face,30,43,78,82
1864.jpg,100,100,face,28,44,77,75
1865.jpg,100,100,face,31,43,72,77
1866.jpg,100,100,face,31,43,75,76
1867.jpg,100,100,face,31,44,73,78
1868.jpg,100,100,face,29,44,67,78
1869.jpg,100,100,face,28,43,67,77
187.jpg,100,100,face,30,42,69,77
1870.jpg,100,100,face,32,41,72,75
1871.jpg,100,100,face,32,43,71,79
1872.jpg,100,100,face,32,41,70,79
1873.jpg,100,100,face,40,39,67,89
1874.jpg,100,100,face,28,43,74,80
1875.jpg,100,100,face,32,42,64,78
1876.jpg,100,100,face,31,41,68,79
1877.jpg,100,100,face,31,44,77,77
1878.jpg,100,100,face,30,42,70,76
1879.jpg,100,100,face,31,42,74,79
188.jpg,100,100,face,30,43,70,79
1880.jpg,100,100,face,30,43,70,79
1881.jpg,100,100,face,27,43,67,80
1882.jpg,100,100,face,30,42,72,81
1883.jpg,100,100,face,31,43,69,84
1884.jpg,100,100,face,33,41,73,79
1885.jpg,100,100,face,33,43,69,76
1886.jpg,100,100,face,28,42,72,82
1887.jpg,100,100,face,31,43,72,78
1888.jpg,100,100,face,31,43,73,80
1889.jpg,100,100,face,32,41,75,82
189.jpg,100,100,face,31,42,75,77
1890.jpg,100,100,face,28,42,74,81
1891.jpg,100,100,face,29,41,73,79
1892.jpg,100,100,face,33,42,74,82
1893.jpg,100,100,face,28,41,76,78
1894.jpg,100,100,face,25,41,81,80
1895.jpg,100,100,face,30,45,71,78
1896.jpg,100,100,face,32,44,75,85
1897.jpg,100,100,face,26,44,74,83
1898.jpg,100,100,face,33,43,74,82
1899.jpg,100,100,face,31,43,73,79
19.jpg,100,100,face,34,44,71,80
190.jpg,100,100,face,31,42,77,83
1900.jpg,100,100,face,30,42,73,84
1901.jpg,100,100,face,28,45,72,86
1902.jpg,100,100,face,32,41,75,81
1903.jpg,100,100,face,27,42,68,80
1904.jpg,100,100,face,25,44,71,79
1905.jpg,100,100,face,30,43,68,76
1906.jpg,100,100,face,29,45,65,84
1907.jpg,100,100,face,35,42,69,80
1908.jpg,100,100,face,29,43,73,76
1909.jpg,100,100,face,29,43,74,82
191.jpg,100,100,face,29,41,73,81
1910.jpg,100,100,face,26,42,75,81
1911.jpg,100,100,face,32,43,75,79
1912.jpg,100,100,face,35,43,70,81
1913.jpg,100,100,face,28,43,73,79
1914.jpg,100,100,face,32,43,70,79
1915.jpg,100,100,face,29,41,75,79
1916.jpg,100,100,face,32,42,66,85
1917.jpg,100,100,face,32,44,71,81
1918.jpg,100,100,face,29,42,72,81
1919.jpg,100,100,face,33,42,70,81
192.jpg,100,100,face,32,44,71,81
1920.jpg,100,100,face,31,44,75,78
1921.jpg,100,100,face,28,42,71,79
1922.jpg,100,100,face,31,41,70,82
1923.jpg,100,100,face,27,45,76,82
1924.jpg,100,100,face,35,40,73,81
1925.jpg,100,100,face,31,40,71,76
1926.jpg,100,100,face,33,43,68,78
1927.jpg,100,100,face,33,42,69,79
1928.jpg,100,100,face,31,43,74,78
1929.jpg,100,100,face,36,41,71,84
193.jpg,100,100,face,33,43,69,78
1930.jpg,100,100,face,33,44,74,79
1931.jpg,100,100,face,32,42,66,78
1932.jpg,100,100,face,32,45,70,75
1933.jpg,100,100,face,32,44,67,83
1934.jpg,100,100,face,32,39,70,84
1935.jpg,100,100,face,33,42,72,80
1936.jpg,100,100,face,31,41,73,83
1937.jpg,100,100,face,30,40,68,82
1938.jpg,100,100,face,30,42,75,79
1939.jpg,100,100,face,33,43,71,81
194.jpg,100,100,face,29,44,72,81
1940.jpg,100,100,face,29,39,66,89
1941.jpg,100,100,face,29,42,76,76
1942.jpg,100,100,face,31,40,68,77
1943.jpg,100,100,face,31,44,75,79
1944.jpg,100,100,face,26,41,73,76
1945.jpg,100,100,face,28,46,73,79
1946.jpg,100,100,face,28,41,70,82
1947.jpg,100,100,face,28,42,71,79
1948.jpg,100,100,face,28,40,79,84
1949.jpg,100,100,face,30,42,68,83
195.jpg,100,100,face,30,44,71,77
1950.jpg,100,100,face,32,42,71,79
196.jpg,100,100,face,33,39,74,81
197.jpg,100,100,face,26,43,75,80
198.jpg,100,100,face,29,45,80,83
199.jpg,100,100,face,28,41,68,84
2.jpg,100,100,face,30,41,76,85
20.jpg,100,100,face,30,43,71,82
200.jpg,100,100,face,28,41,68,80
201.jpg,100,100,face,30,43,71,82
202.jpg,100,100,face,26,41,74,80
203.jpg,100,100,face,27,43,74,79
204.jpg,100,100,face,29,45,71,82
205.jpg,100,100,face,25,38,76,82
206.jpg,100,100,face,32,42,76,81
207.jpg,100,100,face,27,41,71,82
208.jpg,100,100,face,25,40,77,79
209.jpg,100,100,face,35,41,72,84
21.jpg,100,100,face,28,39,71,83
210.jpg,100,100,face,25,41,73,84
211.jpg,100,100,face,29,43,71,85
212.jpg,100,100,face,32,44,73,82
213.jpg,100,100,face,33,42,71,87
214.jpg,100,100,face,31,44,77,81
215.jpg,100,100,face,36,45,76,82
216.jpg,100,100,face,26,39,70,79
217.jpg,100,100,face,30,42,70,79
218.jpg,100,100,face,27,38,69,82
219.jpg,100,100,face,30,40,72,79
22.jpg,100,100,face,29,42,71,77
220.jpg,100,100,face,32,42,72,82
221.jpg,100,100,face,29,43,74,84
222.jpg,100,100,face,30,41,70,82
223.jpg,100,100,face,30,42,68,83
224.jpg,100,100,face,27,41,75,79
225.jpg,100,100,face,27,42,77,81
226.jpg,100,100,face,30,43,72,75
227.jpg,100,100,face,31,43,69,79
228.jpg,100,100,face,30,44,77,79
229.jpg,100,100,face,34,44,70,81
23.jpg,100,100,face,27,39,68,80
230.jpg,100,100,face,32,42,73,79
231.jpg,100,100,face,30,42,76,79
232.jpg,100,100,face,28,41,79,83
233.jpg,100,100,face,28,41,74,81
234.jpg,100,100,face,31,42,75,83
235.jpg,100,100,face,28,41,73,79
236.jpg,100,100,face,27,40,72,77
237.jpg,100,100,face,30,42,70,77
238.jpg,100,100,face,28,44,79,81
239.jpg,100,100,face,27,42,67,75
24.jpg,100,100,face,25,43,70,75
240.jpg,100,100,face,30,42,73,80
241.jpg,100,100,face,29,44,73,80
242.jpg,100,100,face,30,43,75,79
243.jpg,100,100,face,31,41,71,76
244.jpg,100,100,face,29,43,73,78
245.jpg,100,100,face,30,45,75,84
246.jpg,100,100,face,33,44,64,79
247.jpg,100,100,face,28,42,72,81
248.jpg,100,100,face,29,41,75,76
249.jpg,100,100,face,27,42,78,78
25.jpg,100,100,face,25,43,78,79
250.jpg,100,100,face,29,44,75,79
251.jpg,100,100,face,29,43,74,74
252.jpg,100,100,face,31,46,70,78
253.jpg,100,100,face,29,41,68,80
254.jpg,100,100,face,30,44,67,78
255.jpg,100,100,face,28,43,68,81
256.jpg,100,100,face,28,41,76,79
257.jpg,100,100,face,25,43,74,81
258.jpg,100,100,face,31,42,73,76
259.jpg,100,100,face,28,41,73,78
26.jpg,100,100,face,33,43,69,76
260.jpg,100,100,face,32,44,72,79
261.jpg,100,100,face,32,44,71,80
262.jpg,100,100,face,30,41,75,86
263.jpg,100,100,face,24,42,75,78
264.jpg,100,100,face,33,43,73,83
265.jpg,100,100,face,24,40,76,87
266.jpg,100,100,face,29,43,68,79
267.jpg,100,100,face,29,40,75,81
268.jpg,100,100,face,32,40,72,79
269.jpg,100,100,face,31,44,70,81
27.jpg,100,100,face,29,41,72,79
270.jpg,100,100,face,24,40,77,83
271.jpg,100,100,face,28,44,74,82
272.jpg,100,100,face,31,42,70,80
273.jpg,100,100,face,28,42,78,86
274.jpg,100,100,face,29,42,73,80
275.jpg,100,100,face,29,43,68,77
276.jpg,100,100,face,27,44,75,83
277.jpg,100,100,face,30,44,74,80
278.jpg,100,100,face,32,43,70,80
279.jpg,100,100,face,27,42,76,79
28.jpg,100,100,face,30,44,72,81
280.jpg,100,100,face,30,45,72,88
281.jpg,100,100,face,31,47,75,81
282.jpg,100,100,face,28,42,70,76
283.jpg,100,100,face,30,44,71,81
284.jpg,100,100,face,31,43,62,81
285.jpg,100,100,face,36,41,68,80
286.jpg,100,100,face,26,40,74,80
287.jpg,100,100,face,28,42,75,78
288.jpg,100,100,face,31,43,74,78
289.jpg,100,100,face,28,43,66,77
29.jpg,100,100,face,37,46,70,80
290.jpg,100,100,face,29,41,73,76
291.jpg,100,100,face,29,43,73,79
292.jpg,100,100,face,31,45,70,78
293.jpg,100,100,face,31,44,77,81
294.jpg,100,100,face,32,46,76,77
295.jpg,100,100,face,32,42,70,79
296.jpg,100,100,face,30,40,71,83
297.jpg,100,100,face,33,38,65,80
298.jpg,100,100,face,37,43,70,78
299.jpg,100,100,face,32,43,70,81
3.jpg,100,100,face,29,44,72,74
30.jpg,100,100,face,31,44,77,75
300.jpg,100,100,face,33,42,74,78
301.jpg,100,100,face,31,43,73,81
302.jpg,100,100,face,37,44,74,84
303.jpg,100,100,face,28,44,75,84
304.jpg,100,100,face,29,43,78,79
305.jpg,100,100,face,28,44,71,79
306.jpg,100,100,face,30,45,75,79
307.jpg,100,100,face,29,43,74,77
308.jpg,100,100,face,29,44,71,82
309.jpg,100,100,face,32,43,73,74
31.jpg,100,100,face,31,42,67,84
310.jpg,100,100,face,28,43,75,79
311.jpg,100,100,face,29,45,78,78
312.jpg,100,100,face,27,41,69,75
313.jpg,100,100,face,30,43,78,77
314.jpg,100,100,face,31,43,73,75
315.jpg,100,100,face,28,45,76,79
316.jpg,100,100,face,27,42,71,76
317.jpg,100,100,face,31,46,70,74
318.jpg,100,100,face,29,43,70,78
319.jpg,100,100,face,32,42,68,78
32.jpg,100,100,face,32,43,65,82
320.jpg,100,100,face,32,44,67,82
321.jpg,100,100,face,28,41,74,79
322.jpg,100,100,face,31,41,69,78
323.jpg,100,100,face,27,40,70,79
324.jpg,100,100,face,28,39,69,80
325.jpg,100,100,face,32,42,68,79
326.jpg,100,100,face,33,41,68,83
327.jpg,100,100,face,29,42,72,77
328.jpg,100,100,face,29,42,68,77
329.jpg,100,100,face,25,43,76,82
33.jpg,100,100,face,31,44,73,79
330.jpg,100,100,face,30,45,73,77
331.jpg,100,100,face,32,46,75,81
332.jpg,100,100,face,30,40,71,78
333.jpg,100,100,face,30,40,74,80
334.jpg,100,100,face,30,43,73,80
335.jpg,100,100,face,31,42,72,81
336.jpg,100,100,face,30,44,78,83
337.jpg,100,100,face,32,41,74,79
338.jpg,100,100,face,29,45,70,75
339.jpg,100,100,face,32,45,71,77
34.jpg,100,100,face,31,43,70,77
340.jpg,100,100,face,31,46,75,80
341.jpg,100,100,face,28,41,71,79
342.jpg,100,100,face,32,45,76,78
343.jpg,100,100,face,30,42,74,78
344.jpg,100,100,face,32,44,67,77
345.jpg,100,100,face,31,37,72,78
346.jpg,100,100,face,33,42,73,81
347.jpg,100,100,face,31,42,73,88
348.jpg,100,100,face,31,43,71,81
349.jpg,100,100,face,27,43,75,79
35.jpg,100,100,face,28,44,71,81
350.jpg,100,100,face,33,42,75,86
351.jpg,100,100,face,25,44,76,82
352.jpg,100,100,face,25,44,76,87
353.jpg,100,100,face,29,43,73,87
354.jpg,100,100,face,33,40,72,86
355.jpg,100,100,face,28,41,74,85
356.jpg,100,100,face,31,41,69,89
357.jpg,100,100,face,33,42,67,87
358.jpg,100,100,face,27,43,80,87
359.jpg,100,100,face,30,41,78,80
36.jpg,100,100,face,31,43,77,84
360.jpg,100,100,face,35,43,73,87
361.jpg,100,100,face,29,43,72,83
362.jpg,100,100,face,26,42,71,87
363.jpg,100,100,face,28,41,71,83
364.jpg,100,100,face,24,42,64,85
365.jpg,100,100,face,30,41,70,90
366.jpg,100,100,face,28,40,76,81
367.jpg,100,100,face,26,41,76,82
368.jpg,100,100,face,30,40,73,87
369.jpg,100,100,face,30,40,74,81
37.jpg,100,100,face,26,43,76,83
370.jpg,100,100,face,27,43,69,84
371.jpg,100,100,face,30,43,77,79
372.jpg,100,100,face,28,41,75,83
373.jpg,100,100,face,27,41,72,75
374.jpg,100,100,face,29,43,71,78
375.jpg,100,100,face,24,41,75,76
376.jpg,100,100,face,29,38,79,80
377.jpg,100,100,face,32,43,71,80
378.jpg,100,100,face,30,42,77,79
379.jpg,100,100,face,28,42,73,77
38.jpg,100,100,face,29,42,78,79
380.jpg,100,100,face,24,41,72,79
381.jpg,100,100,face,31,43,71,78
382.jpg,100,100,face,31,42,74,79
383.jpg,100,100,face,30,44,71,79
384.jpg,100,100,face,27,42,75,78
385.jpg,100,100,face,29,43,76,81
386.jpg,100,100,face,29,45,75,79
387.jpg,100,100,face,29,43,77,78
388.jpg,100,100,face,33,42,79,78
389.jpg,100,100,face,33,42,72,82
39.jpg,100,100,face,31,43,70,81
390.jpg,100,100,face,31,41,69,78
391.jpg,100,100,face,29,42,73,81
392.jpg,100,100,face,30,45,74,80
393.jpg,100,100,face,30,42,73,78
394.jpg,100,100,face,25,42,73,78
395.jpg,100,100,face,31,44,71,80
396.jpg,100,100,face,26,42,72,80
397.jpg,100,100,face,29,44,70,77
398.jpg,100,100,face,29,44,66,78
399.jpg,100,100,face,27,45,74,81
4.jpg,100,100,face,29,44,76,78
40.jpg,100,100,face,33,46,71,81
400.jpg,100,100,face,32,41,70,79
401.jpg,100,100,face,31,41,77,78
402.jpg,100,100,face,28,43,65,83
403.jpg,100,100,face,29,42,72,81
404.jpg,100,100,face,31,46,74,79
405.jpg,100,100,face,31,44,70,79
406.jpg,100,100,face,31,46,75,82
407.jpg,100,100,face,30,37,66,79
408.jpg,100,100,face,25,44,73,81
409.jpg,100,100,face,24,41,81,79
41.jpg,100,100,face,28,43,79,79
410.jpg,100,100,face,28,43,78,77
411.jpg,100,100,face,29,39,72,77
412.jpg,100,100,face,27,43,80,81
413.jpg,100,100,face,31,41,75,81
414.jpg,100,100,face,25,43,82,81
415.jpg,100,100,face,24,44,74,78
416.jpg,100,100,face,25,45,81,80
417.jpg,100,100,face,24,42,81,82
418.jpg,100,100,face,28,44,77,83
419.jpg,100,100,face,26,43,79,79
42.jpg,100,100,face,25,41,82,83
420.jpg,100,100,face,28,42,76,82
421.jpg,100,100,face,29,45,75,79
422.jpg,100,100,face,24,41,72,80
423.jpg,100,100,face,26,43,69,81
424.jpg,100,100,face,27,43,70,88
425.jpg,100,100,face,28,43,70,86
426.jpg,100,100,face,29,43,80,84
427.jpg,100,100,face,32,45,78,85
428.jpg,100,100,face,26,45,89,89
429.jpg,100,100,face,29,40,78,84
43.jpg,100,100,face,26,45,76,78
430.jpg,100,100,face,25,41,65,86
431.jpg,100,100,face,26,44,80,85
432.jpg,100,100,face,29,42,69,80
433.jpg,100,100,face,30,44,79,84
434.jpg,100,100,face,27,43,77,84
435.jpg,100,100,face,27,43,76,85
436.jpg,100,100,face,23,41,77,83
437.jpg,100,100,face,24,41,79,84
438.jpg,100,100,face,25,42,70,78
439.jpg,100,100,face,22,42,76,81
44.jpg,100,100,face,35,42,84,87
440.jpg,100,100,face,26,43,83,79
441.jpg,100,100,face,28,43,79,78
442.jpg,100,100,face,24,42,69,77
443.jpg,100,100,face,25,44,81,85
444.jpg,100,100,face,30,43,78,82
445.jpg,100,100,face,26,43,71,79
446.jpg,100,100,face,31,41,75,83
447.jpg,100,100,face,31,44,77,81
448.jpg,100,100,face,28,44,69,79
449.jpg,100,100,face,30,43,70,80
45.jpg,100,100,face,33,44,68,79
450.jpg,100,100,face,31,43,70,80
451.jpg,100,100,face,30,41,73,84
452.jpg,100,100,face,29,46,73,83
453.jpg,100,100,face,32,45,74,78
454.jpg,100,100,face,27,40,72,81
455.jpg,100,100,face,30,44,76,83
456.jpg,100,100,face,31,43,68,81
457.jpg,100,100,face,29,43,66,79
458.jpg,100,100,face,26,43,76,77
459.jpg,100,100,face,28,43,74,81
46.jpg,100,100,face,31,43,67,85
460.jpg,100,100,face,30,42,70,79
461.jpg,100,100,face,32,43,73,82
462.jpg,100,100,face,29,41,74,80
463.jpg,100,100,face,33,40,75,82
464.jpg,100,100,face,33,44,78,78
465.jpg,100,100,face,30,42,76,80
466.jpg,100,100,face,29,43,76,82
467.jpg,100,100,face,29,44,74,76
468.jpg,100,100,face,27,43,74,78
469.jpg,100,100,face,35,43,76,84
47.jpg,100,100,face,28,40,69,82
470.jpg,100,100,face,27,41,77,78
471.jpg,100,100,face,27,44,72,78
472.jpg,100,100,face,30,44,80,83
473.jpg,100,100,face,33,44,76,80
474.jpg,100,100,face,28,39,70,78
475.jpg,100,100,face,20,42,77,83
476.jpg,100,100,face,30,44,75,77
477.jpg,100,100,face,31,42,71,77
478.jpg,100,100,face,28,42,75,79
479.jpg,100,100,face,28,40,70,75
48.jpg,100,100,face,27,43,72,76
480.jpg,100,100,face,31,43,66,79
481.jpg,100,100,face,29,42,73,77
482.jpg,100,100,face,30,42,68,78
483.jpg,100,100,face,34,41,72,80
484.jpg,100,100,face,35,41,71,79
485.jpg,100,100,face,32,42,73,78
486.jpg,100,100,face,31,41,71,77
487.jpg,100,100,face,29,44,75,78
488.jpg,100,100,face,34,44,73,81
489.jpg,100,100,face,33,43,71,77
49.jpg,100,100,face,30,44,70,81
490.jpg,100,100,face,27,40,71,80
491.jpg,100,100,face,27,43,72,80
492.jpg,100,100,face,30,42,67,85
493.jpg,100,100,face,29,42,70,75
494.jpg,100,100,face,29,44,68,78
495.jpg,100,100,face,34,41,71,79
496.jpg,100,100,face,27,41,71,76
497.jpg,100,100,face,25,44,75,79
498.jpg,100,100,face,31,45,73,81
499.jpg,100,100,face,27,43,71,74
5.jpg,100,100,face,30,43,76,79
50.jpg,100,100,face,40,43,74,85
500.jpg,100,100,face,30,44,76,78
501.jpg,100,100,face,28,44,74,81
502.jpg,100,100,face,29,40,75,81
503.jpg,100,100,face,34,43,75,82
504.jpg,100,100,face,28,43,78,81
505.jpg,100,100,face,27,42,77,79
506.jpg,100,100,face,32,43,75,78
507.jpg,100,100,face,27,39,74,77
508.jpg,100,100,face,28,42,74,81
509.jpg,100,100,face,36,41,76,81
51.jpg,100,100,face,32,40,72,76
510.jpg,100,100,face,33,43,80,79
511.jpg,100,100,face,30,43,74,79
512.jpg,100,100,face,27,42,81,79
513.jpg,100,100,face,33,46,72,80
514.jpg,100,100,face,24,43,73,76
515.jpg,100,100,face,28,45,76,77
516.jpg,100,100,face,30,43,78,73
517.jpg,100,100,face,29,41,74,79
518.jpg,100,100,face,29,43,67,74
519.jpg,100,100,face,30,40,71,81
52.jpg,100,100,face,28,43,66,76
520.jpg,100,100,face,27,42,71,81
521.jpg,100,100,face,30,41,70,77
522.jpg,100,100,face,29,44,73,79
523.jpg,100,100,face,25,42,75,81
524.jpg,100,100,face,24,42,73,74
525.jpg,100,100,face,29,44,74,78
526.jpg,100,100,face,31,44,73,78
527.jpg,100,100,face,28,42,69,76
528.jpg,100,100,face,29,43,78,80
529.jpg,100,100,face,27,43,66,78
53.jpg,100,100,face,31,42,72,78
530.jpg,100,100,face,26,43,73,77
531.jpg,100,100,face,24,42,74,78
532.jpg,100,100,face,27,42,73,79
533.jpg,100,100,face,29,44,72,78
534.jpg,100,100,face,28,43,73,76
535.jpg,100,100,face,27,42,72,79
536.jpg,100,100,face,30,42,68,77
537.jpg,100,100,face,30,44,72,77
538.jpg,100,100,face,28,41,67,78
539.jpg,100,100,face,28,39,75,75
54.jpg,100,100,face,31,40,72,79
540.jpg,100,100,face,30,42,69,78
541.jpg,100,100,face,30,42,70,76
542.jpg,100,100,face,34,40,72,80
543.jpg,100,100,face,33,41,69,79
544.jpg,100,100,face,32,41,74,79
545.jpg,100,100,face,32,41,73,76
546.jpg,100,100,face,31,45,76,80
547.jpg,100,100,face,29,42,70,75
548.jpg,100,100,face,31,44,73,77
549.jpg,100,100,face,26,42,74,77
55.jpg,100,100,face,28,42,72,81
550.jpg,100,100,face,30,42,71,75
551.jpg,100,100,face,33,43,70,78
552.jpg,100,100,face,28,43,74,80
553.jpg,100,100,face,32,44,70,76
554.jpg,100,100,face,27,42,75,78
555.jpg,100,100,face,33,43,71,76
556.jpg,100,100,face,29,45,71,78
557.jpg,100,100,face,32,44,71,76
558.jpg,100,100,face,31,44,70,76
559.jpg,100,100,face,29,44,73,79
56.jpg,100,100,face,29,43,73,76
560.jpg,100,100,face,31,45,70,80
561.jpg,100,100,face,28,44,74,83
562.jpg,100,100,face,29,43,75,78
563.jpg,100,100,face,29,41,77,78
564.jpg,100,100,face,29,43,75,82
565.jpg,100,100,face,29,41,74,76
566.jpg,100,100,face,31,41,75,81
567.jpg,100,100,face,29,42,74,77
568.jpg,100,100,face,25,40,72,81
569.jpg,100,100,face,29,44,72,79
57.jpg,100,100,face,25,41,72,77
570.jpg,100,100,face,27,43,77,80
571.jpg,100,100,face,29,43,79,82
572.jpg,100,100,face,31,42,78,80
573.jpg,100,100,face,29,42,78,83
574.jpg,100,100,face,24,42,76,79
575.jpg,100,100,face,31,42,75,78
576.jpg,100,100,face,28,39,66,78
577.jpg,100,100,face,31,41,70,80
578.jpg,100,100,face,32,43,67,79
579.jpg,100,100,face,27,41,66,77
58.jpg,100,100,face,28,42,70,75
580.jpg,100,100,face,33,43,70,78
581.jpg,100,100,face,30,38,70,82
582.jpg,100,100,face,31,41,72,79
583.jpg,100,100,face,27,40,72,81
584.jpg,100,100,face,30,43,72,80
585.jpg,100,100,face,32,44,74,81
586.jpg,100,100,face,26,36,71,83
587.jpg,100,100,face,29,41,74,85
588.jpg,100,100,face,28,43,68,83
589.jpg,100,100,face,28,42,76,84
59.jpg,100,100,face,28,41,71,80
590.jpg,100,100,face,30,41,73,80
591.jpg,100,100,face,28,41,73,79
592.jpg,100,100,face,29,43,72,82
593.jpg,100,100,face,28,43,77,86
594.jpg,100,100,face,33,41,80,84
595.jpg,100,100,face,26,43,77,80
596.jpg,100,100,face,28,43,73,76
597.jpg,100,100,face,26,40,65,76
598.jpg,100,100,face,29,41,69,80
599.jpg,100,100,face,26,40,71,80
6.jpg,100,100,face,26,40,69,78
60.jpg,100,100,face,27,41,70,81
600.jpg,100,100,face,26,40,68,76
601.jpg,100,100,face,31,43,68,78
602.jpg,100,100,face,29,41,68,77
603.jpg,100,100,face,29,41,75,82
604.jpg,100,100,face,34,43,71,78
605.jpg,100,100,face,32,43,68,82
606.jpg,100,100,face,30,40,73,79
607.jpg,100,100,face,28,42,71,79
608.jpg,100,100,face,33,43,77,79
609.jpg,100,100,face,30,43,76,78
61.jpg,100,100,face,30,41,65,80
610.jpg,100,100,face,28,44,70,78
611.jpg,100,100,face,29,40,72,76
612.jpg,100,100,face,30,42,74,78
613.jpg,100,100,face,31,41,72,84
614.jpg,100,100,face,29,43,70,82
615.jpg,100,100,face,28,45,73,79
616.jpg,100,100,face,27,41,78,80
617.jpg,100,100,face,26,41,76,77
618.jpg,100,100,face,27,42,75,78
619.jpg,100,100,face,29,42,77,81
62.jpg,100,100,face,33,43,74,77
620.jpg,100,100,face,27,43,75,80
621.jpg,100,100,face,29,40,69,80
622.jpg,100,100,face,27,40,74,77
623.jpg,100,100,face,28,42,75,78
624.jpg,100,100,face,36,43,73,78
625.jpg,100,100,face,28,42,78,80
626.jpg,100,100,face,28,40,81,81
627.jpg,100,100,face,29,41,70,79
628.jpg,100,100,face,28,43,74,77
629.jpg,100,100,face,26,44,76,82
63.jpg,100,100,face,29,39,71,82
630.jpg,100,100,face,25,38,77,73
631.jpg,100,100,face,29,40,69,73
632.jpg,100,100,face,33,42,80,88
633.jpg,100,100,face,33,41,70,76
634.jpg,100,100,face,31,42,74,78
635.jpg,100,100,face,29,42,73,81
636.jpg,100,100,face,28,43,72,77
637.jpg,100,100,face,30,42,71,79
638.jpg,100,100,face,31,42,70,77
639.jpg,100,100,face,30,42,72,79
64.jpg,100,100,face,31,43,70,78
640.jpg,100,100,face,32,46,76,77
641.jpg,100,100,face,29,40,73,81
642.jpg,100,100,face,30,43,75,82
643.jpg,100,100,face,29,40,70,79
644.jpg,100,100,face,30,41,74,80
645.jpg,100,100,face,25,41,74,78
646.jpg,100,100,face,28,45,79,79
647.jpg,100,100,face,26,42,79,82
648.jpg,100,100,face,28,45,77,80
649.jpg,100,100,face,17,36,86,81
65.jpg,100,100,face,30,41,70,81
650.jpg,100,100,face,27,42,74,79
651.jpg,100,100,face,30,43,69,78
652.jpg,100,100,face,33,39,72,79
653.jpg,100,100,face,33,41,70,82
654.jpg,100,100,face,24,41,76,80
655.jpg,100,100,face,28,42,73,78
656.jpg,100,100,face,30,43,69,78
657.jpg,100,100,face,28,44,76,82
658.jpg,100,100,face,32,41,71,78
659.jpg,100,100,face,26,41,79,76
66.jpg,100,100,face,31,40,65,86
660.jpg,100,100,face,29,41,70,78
661.jpg,100,100,face,32,43,74,79
662.jpg,100,100,face,32,43,69,78
663.jpg,100,100,face,32,44,71,79
664.jpg,100,100,face,31,43,73,78
665.jpg,100,100,face,29,43,72,80
666.jpg,100,100,face,29,43,74,78
667.jpg,100,100,face,30,44,69,80
668.jpg,100,100,face,31,43,76,75
669.jpg,100,100,face,32,45,72,77
67.jpg,100,100,face,33,42,71,80
670.jpg,100,100,face,33,43,71,76
671.jpg,100,100,face,29,43,70,76
672.jpg,100,100,face,32,43,70,78
673.jpg,100,100,face,34,42,66,80
674.jpg,100,100,face,34,42,65,78
675.jpg,100,100,face,31,43,70,75
676.jpg,100,100,face,34,43,69,79
677.jpg,100,100,face,35,47,68,81
678.jpg,100,100,face,32,41,66,75
679.jpg,100,100,face,31,43,70,81
68.jpg,100,100,face,32,44,70,81
680.jpg,100,100,face,27,41,70,78
681.jpg,100,100,face,32,43,71,77
682.jpg,100,100,face,29,43,67,81
683.jpg,100,100,face,34,44,68,76
684.jpg,100,100,face,31,44,69,81
685.jpg,100,100,face,35,45,70,79
686.jpg,100,100,face,30,42,74,80
687.jpg,100,100,face,31,43,72,81
688.jpg,100,100,face,33,42,69,76
689.jpg,100,100,face,30,44,72,76
69.jpg,100,100,face,28,42,74,79
690.jpg,100,100,face,30,40,73,79
691.jpg,100,100,face,27,44,72,78
692.jpg,100,100,face,29,44,70,75
693.jpg,100,100,face,30,44,75,76
694.jpg,100,100,face,22,41,71,81
695.jpg,100,100,face,28,46,72,79
696.jpg,100,100,face,27,44,69,86
697.jpg,100,100,face,27,43,72,77
698.jpg,100,100,face,33,41,73,78
699.jpg,100,100,face,30,44,71,81
7.jpg,100,100,face,30,41,68,80
70.jpg,100,100,face,31,43,73,77
700.jpg,100,100,face,27,42,74,78
701.jpg,100,100,face,33,44,76,80
702.jpg,100,100,face,33,42,72,81
703.jpg,100,100,face,34,40,68,78
704.jpg,100,100,face,31,42,72,82
705.jpg,100,100,face,30,42,67,79
706.jpg,100,100,face,30,43,66,82
707.jpg,100,100,face,27,43,71,81
708.jpg,100,100,face,21,42,69,79
709.jpg,100,100,face,29,43,70,81
71.jpg,100,100,face,27,40,65,74
710.jpg,100,100,face,31,43,72,78
711.jpg,100,100,face,34,41,72,82
712.jpg,100,100,face,31,45,66,76
713.jpg,100,100,face,28,44,72,80
714.jpg,100,100,face,34,43,72,81
715.jpg,100,100,face,33,44,68,79
716.jpg,100,100,face,34,45,66,79
717.jpg,100,100,face,30,42,70,79
718.jpg,100,100,face,32,42,66,79
719.jpg,100,100,face,30,41,74,76
72.jpg,100,100,face,30,44,72,79
720.jpg,100,100,face,29,43,69,78
721.jpg,100,100,face,32,43,68,80
722.jpg,100,100,face,30,45,69,78
723.jpg,100,100,face,29,45,71,79
724.jpg,100,100,face,26,44,71,76
725.jpg,100,100,face,31,44,68,76
726.jpg,100,100,face,34,42,69,81
727.jpg,100,100,face,29,44,73,80
728.jpg,100,100,face,31,45,70,78
729.jpg,100,100,face,26,42,75,82
73.jpg,100,100,face,28,42,69,76
730.jpg,100,100,face,30,42,72,74
731.jpg,100,100,face,29,44,72,72
732.jpg,100,100,face,27,46,69,73
733.jpg,100,100,face,28,44,76,82
734.jpg,100,100,face,25,44,72,79
735.jpg,100,100,face,29,44,76,79
736.jpg,100,100,face,25,42,74,80
737.jpg,100,100,face,31,42,70,79
738.jpg,100,100,face,33,41,71,77
739.jpg,100,100,face,28,43,67,81
74.jpg,100,100,face,31,44,74,79
740.jpg,100,100,face,30,40,67,77
741.jpg,100,100,face,30,44,70,76
742.jpg,100,100,face,30,43,69,77
743.jpg,100,100,face,32,41,64,78
744.jpg,100,100,face,29,40,72,81
745.jpg,100,100,face,32,45,71,79
746.jpg,100,100,face,28,43,74,82
747.jpg,100,100,face,33,46,68,76
748.jpg,100,100,face,31,45,72,78
749.jpg,100,100,face,29,41,72,81
75.jpg,100,100,face,34,42,74,80
750.jpg,100,100,face,30,42,73,78
751.jpg,100,100,face,30,43,70,77
752.jpg,100,100,face,31,43,64,75
753.jpg,100,100,face,28,45,73,78
754.jpg,100,100,face,34,46,73,83
755.jpg,100,100,face,29,41,74,81
756.jpg,100,100,face,31,43,67,81
757.jpg,100,100,face,29,41,70,74
758.jpg,100,100,face,33,38,64,79
759.jpg,100,100,face,30,45,72,82
76.jpg,100,100,face,30,39,69,80
760.jpg,100,100,face,33,42,74,83
761.jpg,100,100,face,29,42,75,81
762.jpg,100,100,face,26,41,73,79
763.jpg,100,100,face,35,43,69,82
764.jpg,100,100,face,29,41,75,81
765.jpg,100,100,face,33,45,69,78
766.jpg,100,100,face,28,43,73,79
767.jpg,100,100,face,33,44,70,76
768.jpg,100,100,face,29,43,72,82
769.jpg,100,100,face,31,41,68,79
77.jpg,100,100,face,29,46,74,78
770.jpg,100,100,face,33,45,72,78
771.jpg,100,100,face,32,44,71,79
772.jpg,100,100,face,29,43,75,82
773.jpg,100,100,face,28,43,69,77
774.jpg,100,100,face,34,41,69,81
775.jpg,100,100,face,34,45,69,78
776.jpg,100,100,face,34,45,68,76
777.jpg,100,100,face,32,44,71,76
778.jpg,100,100,face,28,43,67,74
779.jpg,100,100,face,30,45,70,80
78.jpg,100,100,face,32,45,74,82
780.jpg,100,100,face,34,44,69,79
781.jpg,100,100,face,31,44,69,76
782.jpg,100,100,face,32,43,71,77
783.jpg,100,100,face,31,43,71,76
784.jpg,100,100,face,30,43,74,77
785.jpg,100,100,face,23,41,64,80
786.jpg,100,100,face,27,43,71,79
787.jpg,100,100,face,31,44,72,77
788.jpg,100,100,face,31,44,70,81
789.jpg,100,100,face,27,40,74,78
79.jpg,100,100,face,34,42,69,81
790.jpg,100,100,face,30,43,67,84
791.jpg,100,100,face,24,40,75,79
792.jpg,100,100,face,31,45,71,76
793.jpg,100,100,face,31,44,72,79
794.jpg,100,100,face,33,41,74,79
795.jpg,100,100,face,31,41,68,80
796.jpg,100,100,face,31,45,69,82
797.jpg,100,100,face,32,43,71,76
798.jpg,100,100,face,32,45,70,79
799.jpg,100,100,face,27,42,72,81
8.jpg,100,100,face,31,44,74,80
80.jpg,100,100,face,31,44,71,76
800.jpg,100,100,face,29,43,77,82
801.jpg,100,100,face,27,41,72,78
802.jpg,100,100,face,30,38,76,80
803.jpg,100,100,face,32,44,72,81
804.jpg,100,100,face,29,44,77,80
805.jpg,100,100,face,27,43,75,78
806.jpg,100,100,face,30,44,69,82
807.jpg,100,100,face,27,44,76,83
808.jpg,100,100,face,35,42,72,80
809.jpg,100,100,face,32,44,76,82
81.jpg,100,100,face,31,45,82,82
810.jpg,100,100,face,31,45,76,80
811.jpg,100,100,face,31,44,75,76
812.jpg,100,100,face,28,43,72,82
813.jpg,100,100,face,33,43,72,75
814.jpg,100,100,face,27,43,74,80
815.jpg,100,100,face,32,45,70,81
816.jpg,100,100,face,35,44,75,79
817.jpg,100,100,face,27,43,74,78
818.jpg,100,100,face,30,43,73,78
819.jpg,100,100,face,31,45,74,82
82.jpg,100,100,face,30,44,71,83
820.jpg,100,100,face,32,41,76,82
821.jpg,100,100,face,31,43,76,79
822.jpg,100,100,face,25,42,72,79
823.jpg,100,100,face,31,42,76,82
824.jpg,100,100,face,32,42,79,84
825.jpg,100,100,face,29,43,72,83
826.jpg,100,100,face,33,41,73,80
827.jpg,100,100,face,32,43,69,78
828.jpg,100,100,face,27,43,73,82
829.jpg,100,100,face,32,42,68,77
83.jpg,100,100,face,32,43,80,78
830.jpg,100,100,face,29,42,72,78
831.jpg,100,100,face,34,45,73,77
832.jpg,100,100,face,29,44,76,79
833.jpg,100,100,face,28,44,74,80
834.jpg,100,100,face,30,43,77,80
835.jpg,100,100,face,26,43,76,80
836.jpg,100,100,face,28,42,75,80
837.jpg,100,100,face,30,41,70,75
838.jpg,100,100,face,28,42,73,80
839.jpg,100,100,face,32,43,72,80
84.jpg,100,100,face,28,40,70,77
840.jpg,100,100,face,28,42,74,79
841.jpg,100,100,face,28,41,74,85
842.jpg,100,100,face,26,43,77,82
843.jpg,100,100,face,32,43,73,79
844.jpg,100,100,face,27,43,73,77
845.jpg,100,100,face,31,40,66,79
846.jpg,100,100,face,31,41,74,78
847.jpg,100,100,face,31,43,74,79
848.jpg,100,100,face,32,44,73,76
849.jpg,100,100,face,34,41,74,87
85.jpg,100,100,face,28,42,72,81
850.jpg,100,100,face,34,43,72,85
851.jpg,100,100,face,32,42,72,85
852.jpg,100,100,face,28,41,75,82
853.jpg,100,100,face,32,41,75,80
854.jpg,100,100,face,30,38,74,81
855.jpg,100,100,face,29,41,76,81
856.jpg,100,100,face,24,40,71,84
857.jpg,100,100,face,27,40,73,79
858.jpg,100,100,face,29,43,70,84
859.jpg,100,100,face,31,42,72,79
86.jpg,100,100,face,29,41,65,78
860.jpg,100,100,face,32,43,77,82
861.jpg,100,100,face,29,41,74,83
862.jpg,100,100,face,32,42,79,80
863.jpg,100,100,face,31,39,65,85
864.jpg,100,100,face,27,39,72,87
865.jpg,100,100,face,27,41,78,79
866.jpg,100,100,face,34,37,77,81
867.jpg,100,100,face,20,38,77,79
868.jpg,100,100,face,29,41,70,80
869.jpg,100,100,face,30,41,71,81
87.jpg,100,100,face,27,42,75,79
870.jpg,100,100,face,26,44,72,83
871.jpg,100,100,face,30,43,72,81
872.jpg,100,100,face,25,40,68,80
873.jpg,100,100,face,27,45,73,79
874.jpg,100,100,face,30,42,73,81
875.jpg,100,100,face,30,42,72,79
876.jpg,100,100,face,29,41,64,84
877.jpg,100,100,face,29,44,74,82
878.jpg,100,100,face,36,39,79,80
879.jpg,100,100,face,27,42,73,81
88.jpg,100,100,face,31,42,64,81
880.jpg,100,100,face,30,40,68,80
881.jpg,100,100,face,25,43,71,83
882.jpg,100,100,face,29,42,75,76
883.jpg,100,100,face,27,40,72,79
884.jpg,100,100,face,28,43,74,79
885.jpg,100,100,face,28,44,75,82
886.jpg,100,100,face,31,45,73,81
887.jpg,100,100,face,33,43,77,81
888.jpg,100,100,face,35,42,76,79
889.jpg,100,100,face,32,38,81,85
89.jpg,100,100,face,29,42,72,82
890.jpg,100,100,face,35,43,72,80
891.jpg,100,100,face,33,44,72,82
892.jpg,100,100,face,31,42,72,78
893.jpg,100,100,face,28,42,71,79
894.jpg,100,100,face,32,40,72,82
895.jpg,100,100,face,30,43,71,80
896.jpg,100,100,face,32,41,77,83
897.jpg,100,100,face,29,40,75,85
898.jpg,100,100,face,31,43,74,84
899.jpg,100,100,face,28,43,77,84
9.jpg,100,100,face,32,41,70,80
90.jpg,100,100,face,30,43,70,79
900.jpg,100,100,face,33,43,66,78
901.jpg,100,100,face,34,42,75,80
902.jpg,100,100,face,31,43,76,84
903.jpg,100,100,face,28,42,75,78
904.jpg,100,100,face,29,43,67,80
905.jpg,100,100,face,30,46,70,80
906.jpg,100,100,face,34,46,78,80
907.jpg,100,100,face,34,45,71,82
908.jpg,100,100,face,30,44,74,81
909.jpg,100,100,face,31,41,71,82
91.jpg,100,100,face,30,45,71,79
910.jpg,100,100,face,33,43,70,78
911.jpg,100,100,face,34,43,70,82
912.jpg,100,100,face,32,45,71,84
913.jpg,100,100,face,27,43,73,85
914.jpg,100,100,face,27,44,79,84
915.jpg,100,100,face,31,45,70,81
916.jpg,100,100,face,28,41,76,81
917.jpg,100,100,face,26,45,75,83
918.jpg,100,100,face,27,43,75,81
919.jpg,100,100,face,30,41,74,80
92.jpg,100,100,face,31,43,71,78
920.jpg,100,100,face,30,43,74,76
921.jpg,100,100,face,31,41,71,80
922.jpg,100,100,face,30,44,73,84
923.jpg,100,100,face,25,41,68,82
924.jpg,100,100,face,28,42,71,75
925.jpg,100,100,face,32,44,70,78
926.jpg,100,100,face,29,42,76,81
927.jpg,100,100,face,30,42,76,79
928.jpg,100,100,face,30,41,72,79
929.jpg,100,100,face,28,42,76,81
93.jpg,100,100,face,30,41,75,79
930.jpg,100,100,face,26,39,74,77
931.jpg,100,100,face,30,44,70,83
932.jpg,100,100,face,31,44,72,80
933.jpg,100,100,face,29,42,71,80
934.jpg,100,100,face,32,42,74,79
935.jpg,100,100,face,28,41,72,79
936.jpg,100,100,face,28,42,73,81
937.jpg,100,100,face,27,42,71,78
938.jpg,100,100,face,27,44,71,77
939.jpg,100,100,face,25,44,74,78
94.jpg,100,100,face,30,44,73,80
940.jpg,100,100,face,30,41,69,76
941.jpg,100,100,face,26,40,75,78
942.jpg,100,100,face,26,39,76,79
943.jpg,100,100,face,26,45,68,79
944.jpg,100,100,face,25,41,75,81
945.jpg,100,100,face,26,41,72,80
946.jpg,100,100,face,27,42,76,80
947.jpg,100,100,face,30,39,78,78
948.jpg,100,100,face,27,40,80,77
949.jpg,100,100,face,28,42,71,80
95.jpg,100,100,face,28,45,69,78
950.jpg,100,100,face,26,41,75,78
951.jpg,100,100,face,26,40,78,84
952.jpg,100,100,face,25,42,76,79
953.jpg,100,100,face,28,40,70,77
954.jpg,100,100,face,29,43,73,83
955.jpg,100,100,face,28,40,74,79
956.jpg,100,100,face,31,41,71,80
957.jpg,100,100,face,27,43,72,79
958.jpg,100,100,face,28,43,74,81
959.jpg,100,100,face,29,41,72,76
96.jpg,100,100,face,31,43,73,81
960.jpg,100,100,face,32,42,66,81
961.jpg,100,100,face,29,40,67,83
962.jpg,100,100,face,30,40,66,80
963.jpg,100,100,face,32,42,69,82
964.jpg,100,100,face,29,44,75,82
965.jpg,100,100,face,30,44,72,81
966.jpg,100,100,face,30,43,72,80
967.jpg,100,100,face,31,44,70,82
968.jpg,100,100,face,29,46,74,84
969.jpg,100,100,face,30,41,72,82
97.jpg,100,100,face,29,41,73,83
970.jpg,100,100,face,29,42,76,83
971.jpg,100,100,face,30,40,78,80
972.jpg,100,100,face,30,44,71,80
973.jpg,100,100,face,33,39,73,83
974.jpg,100,100,face,32,45,73,83
975.jpg,100,100,face,34,42,68,80
976.jpg,100,100,face,28,44,73,81
977.jpg,100,100,face,32,42,63,81
978.jpg,100,100,face,30,40,73,82
979.jpg,100,100,face,30,43,72,82
98.jpg,100,100,face,31,40,75,80
980.jpg,100,100,face,33,43,68,78
981.jpg,100,100,face,34,43,69,79
982.jpg,100,100,face,31,43,71,80
983.jpg,100,100,face,28,41,74,79
984.jpg,100,100,face,31,42,69,83
985.jpg,100,100,face,29,41,69,80
986.jpg,100,100,face,29,44,80,85
987.jpg,100,100,face,29,43,71,82
988.jpg,100,100,face,30,44,77,84
989.jpg,100,100,face,28,41,70,84
99.jpg,100,100,face,32,45,66,87
990.jpg,100,100,face,29,42,75,79
991.jpg,100,100,face,27,45,77,83
992.jpg,100,100,face,30,44,73,82
993.jpg,100,100,face,26,44,74,82
994.jpg,100,100,face,29,44,75,85
995.jpg,100,100,face,31,44,75,79
996.jpg,100,100,face,29,45,76,80
997.jpg,100,100,face,26,43,76,80
998.jpg,100,100,face,26,40,75,81
999.jpg,100,100,face,35,40,75,86
